EPC00180,AMONPWD1
EPC00182,ACWW6569
EPC00182,ACMMCF14
EPC00182,MMUSANTH
EPC00182,ACDWCF14
EPC00187,HDCCZN01
EPC00187,ANTDWT01
EPC00109,ASCNXTXT
EPC00109,ASCNICXT
EPC00109,ASSEDBD1
EPC00109,MASSP012
EPC00120,MTSDM007
EPC00120,RWSSED33
EPC00140,IFRPAH19
EPC00140,BPDWCF14
EPC00140,BPMMCF14
EPC00140,BPYW6569
EPC00171,HDCCZAPY
EPC00171,BAPSEDBD
EPC00188,XMETAL12
EPC00188,CDWW6569
EPC00188,MBTOCDM5
EPC00188,XMETAL11
EPC00188,MBTOCDM4
EPC00188,XMETAL10
EPC00188,MBTOCDM2
EPC00188,XMETAL09
EPC00188,MBTOCDM3
EPC00188,CDDWCF14
EPC00188,XMETAL01
EPC00188,XMETAL13
EPC00188,MMUSCDXX
EPC00188,MBTOCDM1
EPC00188,XMETAL08
EPC00167,MTSDM001
EPC00167,CDCNAAWF
EPC00167,CDCNICXT
EPC00167,CONCDS02
EPC00167,MCDSP012
EPC00167,CONCDS01
EPC00167,MTSDM005
EPC00110,CDCNICXT
EPC00110,CONCDS01
EPC00110,MCDSP012
EPC00121,CONCDS02
EPC00121,CDCNAAWF
EPC00121,MTSDM001
EPC00177,C37CGSXT
EPC00113,CRCNICXT
EPC00113,MCRSP012
EPC00113,CRSEDBD1
EPC00113,CRCNXTXT
EPC00113,CRCNPEXT
EPC00122,CRCNAAWF
EPC00122,MTSDM002
EPC00122,RWSSED29
EPC00111,MCOSP012
EPC00111,COSEDBD1
EPC00111,COCNPEXT
EPC00111,COCNICXT
EPC00123,COCNAAWF
EPC00123,RWSSED36
EPC00143,IFRMET21
EPC00143,CF002DME
EPC00143,CUWW6569
EPC00144,MCUSP012
EPC00144,CUSEDBD1
EPC00144,RWSSED30
EPC00144,CUCNAAWF
EPC00144,CUCNSTXT
EPC00144,CUCNXTXT
EPC00144,CUCNICXT
EPC00144,MTSDM003
EPC00144,CUCNPEXT
EPC00112,MCUSP012
EPC00112,CUSEDBD1
EPC00112,CUCNXTXT
EPC00112,CUCNSTXT
EPC00112,CUCNPEXT
EPC00112,CUCNICXT
EPC00124,MTSDM003
EPC00124,CUCNAAWF
EPC00124,RWSSED30
EPC00161,FLDW6569
EPC00161,FAMMCF14
EPC00161,FADWCF14
EPC00161,FLWW6569
EPC00162,FLUSED01
EPC00162,FLXXSD01
EPC00207,HCBWCF14
EPC00207,HDCBME05
EPC00207,HDCBME04
EPC00207,HDCBME03
EPC00207,HCBW6569
EPC00207,HDCBME01
EPC00207,HDCBME02
EPC00207,MMUSHCBX
EPC00207,CBIOM020
EPC00208,HXCLBSED
WATERTEMP,TEMPTC12
WATERTEMP,TEMPZZXX
WATERTEMP,TMCLCCI1
WATERTEMP,TMCLCCL1
WATERTEMP,PSSTBK01
WATERTEMP,PSSTTS01
WATERTEMP,PSSTZZ01
WATERTEMP,PTMATS01
WATERTEMP,PTMATS02
WATERTEMP,PTMATS03
WATERTEMP,PTMATS04
WATERTEMP,PTMATS05
WATERTEMP,PTMATS06
WATERTEMP,PTMATS07
WATERTEMP,PTMATS08
WATERTEMP,PTMATS09
WATERTEMP,PTMATS10
WATERTEMP,PTMATS11
WATERTEMP,PTMATS12
WATERTEMP,PTMATS13
WATERTEMP,PTMATS14
WATERTEMP,PTMATS15
WATERTEMP,PTMAZZ01
WATERTEMP,TEMPAPRT
WATERTEMP,TEMPBT01
WATERTEMP,TEMPCC01
WATERTEMP,TEMPCC02
WATERTEMP,TEMPCU01
WATERTEMP,TEMPCU02
WATERTEMP,TEMPDTNX
WATERTEMP,TEMPET01
WATERTEMP,TEMPHG01
WATERTEMP,TEMPHGNX
WATERTEMP,TEMPHU01
WATERTEMP,TEMPMC01
WATERTEMP,TEMPMT01
WATERTEMP,TEMPMV01
WATERTEMP,TEMPP901
WATERTEMP,TEMPPH01
WATERTEMP,TEMPPP01
WATERTEMP,TEMPPP02
WATERTEMP,TEMPPR01
WATERTEMP,TEMPPR02
WATERTEMP,TEMPPR03
WATERTEMP,TEMPR901
WATERTEMP,TEMPRTNX
WATERTEMP,TEMPS901
WATERTEMP,TEMPS902
WATERTEMP,TEMPSB35
WATERTEMP,TEMPSG01
WATERTEMP,TEMPST01
WATERTEMP,TEMPST02
WATERTEMP,TEMPSU01
WATERTEMP,TEMPSZ01
WATERTEMP,TEMPTB01
WATERTEMP,TEMPTC01
WATERTEMP,TEMPTC02
WATERTEMP,TEMPTC03
WATERTEMP,TEMPTC04
WATERTEMP,TEMPTC05
WATERTEMP,TEMPTC06
WATERTEMP,TEMPTC07
WATERTEMP,TEMPTC08
WATERTEMP,TEMPTC09
WATERTEMP,TEMPTC10
WATERTEMP,TEMPTC11
EPC00178,TCO2CAPW
EPC00178,TCO2PWCL
EPC00152,INCNCIWF
EPC00114,MFESP012
EPC00114,FESEDBD1
EPC00114,FECNXMXT
EPC00114,FECNXIXT
EPC00114,FECNSTXT
EPC00114,FECNPEXT
EPC00114,FECNPEXX
EPC00125,FECNAAWF
EPC00125,RWSSED38
EPC00155,MBTOFEM2
EPC00155,MMUSPBXX
EPC00155,MBTOFEM3
EPC00155,XMETAL28
EPC00155,MBTOFEM4
EPC00155,XMETAL29
EPC00155,MBTOFEM5
EPC00155,XMETAL30
EPC00155,PBWW6569
EPC00155,XMETAL27
EPC00155,MBTOFEM1
EPC00155,XMETAL26
EPC00155,PBDWCF14
EPC00155,XMETAL24
EPC00155,XMETAL31
EPC00197,MPBSP012
EPC00197,CONPBS01
EPC00197,CONPBS02
EPC00197,MTSDM004
EPC00197,PBCNAAWF
EPC00197,PBCNPEXT
EPC00197,PBCNXTXT
EPC00197,PBCNICXT
EPC00115,CONPBS01
EPC00115,MPBSP012
EPC00115,PBCNPEXT
EPC00115,PBCNICXT
EPC00115,PBCNXTXT
EPC00126,CONPBS02
EPC00126,MTSDM004
EPC00126,PBCNAAWF
EPC00116,MNSEDBD1
EPC00116,MNCNXMXT
EPC00116,MNCNXTXT
EPC00116,MNCNSTXT
EPC00116,MMNSP012
EPC00116,MNCNPEXT
EPC00116,MNCNPEXX
EPC00127,MNCNAAWF
EPC00127,RWSSED37
EPC00128,CONHGS02
EPC00128,HGCNAAWF
EPC00128,MTSDM005
EPC00189,MBTOHGM1
EPC00189,D2930561
EPC00189,XMETAL32
EPC00189,MBTOHGM2
EPC00189,MBTOHGM3
EPC00189,D2930515
EPC00189,W2930193
EPC00189,MBTOHGM5
EPC00189,MBTOHGM4
EPC00189,XMETAL33
EPC00117,MHGSP012
EPC00117,HGCNCFXT
EPC00117,CONHGS01
EPC00202,IFRPAH53
EPC00202,IFRPAH52
EPC00202,W2930279
EPC00202,CF101WME
EPC00214,NAPSEDXD
EPC00214,NAPSEDBD
EPC00118,NISEDBD1
EPC00118,NICNXTXT
EPC00118,NICNPEXT
EPC00118,NICNICXT
EPC00118,MNISP012
EPC00129,MTSDM006
EPC00129,NICNAAWF
EPC00129,RWSSED31
EPC00199,NTRAAADC
EPC00199,NTRIPWD2
EPC00139,NTRZPWD3
EPC00170,NSEDXD01
EPC00173,CORGSE02
EPC00173,OCCNXXXX
EPC00173,CORGSE01
EPC00173,HCMR0021
EPC00173,OCCNCAXT
EPC00173,OCCNCIWF
EPC00200,TNCNCNXT
EPC00200,ONCNCIWF
EPC00200,TNCNCNWF
EPC00219,P1016569
EPC00219,IFRPCB24
EPC00219,IFRPCB23
EPC00164,PCBSD022
EPC00164,PCBSD161
EPC00164,PCBSD066
EPC00164,CB101SBD
EPC00149,IFRPCB41
EPC00149,IFRPCB42
EPC00166,PCBSD030
EPC00166,CB105SBD
EPC00166,PCBSD136
EPC00166,CB105SAD
EPC00204,IFRPCB48
EPC00204,CF039WME
EPC00204,P1186569
EPC00204,IFRPCB47
EPC00174,PCBSD070
EPC00174,PCBSD132
EPC00174,CB118SAD
EPC00174,CB118SBD
EPC00174,PCBSD026
EPC00174,PCBSD165
EPC00191,IFRPCB11
EPC00191,P1386569
EPC00191,IFRPCB12
EPC00216,PCBSD008
EPC00216,PCBSD052
EPC00216,PCBSD147
EPC00216,CB138SBD
EPC00192,CF029WME
EPC00192,IFRPCB18
EPC00192,IFRPCB17
EPC00192,P1536569
EPC00218,PCBSD063
EPC00218,PCBSD158
EPC00218,PCBSD019
EPC00218,CB153SBD
EPC00184,P1806569
EPC00184,IFRPCB06
EPC00184,IFRPCB05
EPC00217,PCBSD148
EPC00217,PCBSD009
EPC00217,CB180SBD
EPC00217,PCBSD053
EPC00205,IFRPCB54
EPC00205,P0286569
EPC00205,IFRPCB53
EPC00206,PCBSD171
EPC00206,PCBSD076
EPC00206,PCBSD138
EPC00206,CB28SDAD
EPC00206,PCBSD032
EPC00206,CB28SDBD
EPC00165,P0526569
EPC00165,IFRPCB30
EPC00165,IFRPCB29
EPC00193,PCBSD023
EPC00193,CB52SDBD
EPC00193,PCBSD067
EPC00193,PCBSD162
EPC00203,PHMMCF14
EPC00203,IFRPAH57
EPC00203,PHWW6569
EPC00203,PHDWCF14
EPC00142,HDCCZHAN
EPC00142,PASEDBD1
EPC00181,PHOSPWD1
EPC00211,SICNPWD3
EPC00084,ALCNICP2
EPC00084,ALCNPEXX
EPC00084,ALCNAAP2
EPC00084,ALCNAAPC
EPC00084,MALPP012
EPC00085,MSPMM024
EPC00085,MSPMM003
EPC00086,MBAPP012
EPC00086,BACNPEXX
EPC00086,BACNICXX
EPC00086,BACNAAP2
EPC00086,BACNICP2
EPC00087,CDCNAAPC
EPC00087,MSPMM017
EPC00087,CDCNAAP2
EPC00087,CDCNICP2
EPC00087,MSPMM005
EPC00088,MSPMM018
EPC00088,CRCNAAP2
EPC00088,CRCNAAPC
EPC00088,MSPMM006
EPC00089,COCNAAPC
EPC00089,COCNICP2
EPC00089,COCNXXP2
EPC00089,COCNAAP2
EPC00090,MSPMM019
EPC00090,CUCNICP2
EPC00090,CUCNAAPC
EPC00090,CUCNAAP2
EPC00090,MSPMM007
EPC00091,FECNAAP2
EPC00091,MFEPP012
EPC00091,FECNICP2
EPC00091,FECNPEXX
EPC00091,FECNXXP2
EPC00091,FECNAAPC
EPC00092,PBCNICXX
EPC00092,MSPMM020
EPC00092,PBCNXXP2
EPC00092,PBCNICP2
EPC00092,PBCNAAPC
EPC00092,PBCNAAP2
EPC00092,MSPMM008
EPC00093,LICNAAP2
EPC00093,LICNAAPC
EPC00094,MNCNAAPC
EPC00094,MNCNAAP2
EPC00094,MNCNPEXX
EPC00094,MMNPP012
EPC00095,CHEMM005
EPC00095,MSPMM021
EPC00095,MSPMM001
EPC00096,MOCNXXP2
EPC00097,NICNXXP2
EPC00097,NICNICP2
EPC00097,NICNAAP2
EPC00097,MSPMM022
EPC00097,MSPMM009
EPC00097,NICNAAPC
EPC00098,RBCNICXX
EPC00099,AGCNICP2
EPC00099,AGCNAAP2
EPC00100,SRCNAAP2
EPC00100,SRCNICP2
EPC00100,SRCNICXX
EPC00101,MTIPP012
EPC00101,TICNPEXX
EPC00102,UXCNICXX
EPC00103,VXCNXXP2
EPC00104,MSPMM010
EPC00104,MSPMM023
EPC00104,ZNCNAAP2
EPC00104,ZNCNAAPC
EPC00104,ZNCNICP2
EPC00104,ZNCNXXP2
EPC00209,SEDPWALK
EPC00209,NEWCXX10
EPC00169,ICES0616
EPC00169,TBMMCF14
EPC00169,MMUSTTBT
EPC00169,TBDWCF14
EPC00169,ICES0594
EPC00210,TBTSNSD1
EPC00210,AFLGMZZZ
EPC00137,CBIOM026
EPC00137,ICES0595
EPC00137,TPMMCF14
EPC00151,SDCTM005
EPC00151,AFLGMXXX
EPC00195,HCBAFW01
EPC00195,WTCTM016
EPC00195,HCBUFW02
EPC00148,SCES0022
EPC00220,AI18GCD1
EPC00220,SCES0027
EPC00146,SCES0032
EPC00163,SCES0036
EPC00147,SCES0045
EPC00221,SCES0006
EPC00194,SCES0011
EPC00009,AMONAAD4
EPC00009,AMONZZXX
EPC00009,AMONMAD3
EPC00009,AMONKGD1
EPC00009,AMONHOTX
EPC00009,MDMAP004
EPC00009,AMONMPD1
EPC00009,AMONFSG1
EPC00009,AMONAADZ
EPC00009,AMONMP12
EPC00009,AMONAAD5
EPC00009,AMONAAZX
EPC00009,AMONAAD2
EPC00009,AMONAATX
EPC00009,AMONMATX
EPC00009,AMONAAD3
EPC00009,AMONNATX
EPC00009,AMONFID2
EPC00009,AMONAAD1
EPC00154,ANUFWC02
EPC00154,ANAFWC01
EPC00154,CPAHWC05
EPC00154,WTCTM010
EPC00141,CPAHWC07
EPC00196,CS37GSTX
EPC00133,PCO2XXXX
EPC00133,PCO2TK02
EPC00133,PCO2TU01
EPC00133,PCO2TK01
EPC00133,PCO2SS01
EPC00133,PCO2EG01
EPC00133,PCO2GC01
EPC00133,PCO2IERR
EPC00133,PCO2IG02
EPC00105,CPHLSSP6
EPC00105,CPHLSSPC
EPC00105,CPHLSXP1
EPC00105,CPHLUA01
EPC00105,CPHLUB01
EPC00105,CPHLULAQ
EPC00105,CPHLULTF
EPC00105,CPHLUMAQ
EPC00105,CPHLUMTF
EPC00105,CPHLUT01
EPC00105,CPHLUW01
EPC00105,CPHLYMP1
EPC00105,CPHLZZXX
EPC00105,CHLADMFA
EPC00105,CHLAMSAT
EPC00105,CHLMEAL1
EPC00105,CHLMEOC5
EPC00105,CHLMOOC5
EPC00105,CPHLFEP1
EPC00105,CPHLFLP1
EPC00105,CPHLFLP2
EPC00105,CPHLFLP3
EPC00105,CPHLFLP4
EPC00105,CPHLFLP5
EPC00105,CPHLFLP6
EPC00105,CPHLFLPC
EPC00105,CPHLFLPZ
EPC00105,CPHLFMP1
EPC00105,CPHLHPP1
EPC00105,CPHLHPP2
EPC00105,CPHLHPP4
EPC00105,CPHLHPP5
EPC00105,CPHLHPPZ
EPC00105,CPHLMHP1
EPC00105,CPHLPL01
EPC00105,CPHLPM01
EPC00105,CPHLPM02
EPC00105,CPHLPR01
EPC00105,CPHLPS01
EPC00105,CPHLSEP1
EPC00105,CPHLSPP1
EPC00105,CPHLSPP3
EPC00105,CPHLSPPC
EPC00105,CPHLSPPZ
EPC00105,CPHLSSP1
EPC00105,CPHLSSP2
EPC00106,CHLBHPP5
EPC00106,CHLBHPP1
EPC00106,CHLBMHP1
EPC00106,CHLBSSP1
EPC00106,CHLBXXPX
EPC00107,CHLCHPP1
EPC00107,CHLCHPP5
EPC00107,CHLCSSP1
EPC00107,CHLCXXPX
EPC00011,ALXXLGD4
EPC00011,ALXXFIP5
EPC00011,ALXXLGD2
EPC00011,DALFICHL
EPC00011,ALXXLGD3
EPC00012,RWS00143
EPC00013,AS35ASV1
EPC00013,RWS00141
EPC00013,ASXXAAD2
EPC00013,MDWD0010
EPC00014,RWS00147
EPC00014,BAICPMS1
EPC00015,RWS00148
EPC00016,MDWD0054
EPC00016,RWS00144
EPC00017,CDXXAADZ
EPC00017,CDXXCVDX
EPC00017,ODSDM009
EPC00017,MTWD0009
EPC00017,CDAFWC01
EPC00017,CDXXFXD2
EPC00017,CDXXICD2
EPC00017,CDCDICP1
EPC00017,CDVOLDMS
EPC00018,MTWD0055
EPC00018,CRAFWC01
EPC00019,COXXFXD2
EPC00019,COLCSV04
EPC00019,CDCOICP1
EPC00019,COFICLD5
EPC00019,CDCOICP5
EPC00019,RWS00156
EPC00019,CO02CSVX
EPC00019,COL02CSV
EPC00019,COCSV04X
EPC00019,COFICLD2
EPC00020,CUXXASV1
EPC00020,MTWD0044
EPC00020,CUAFWC01
EPC00020,ODSDM008
EPC00020,CUVOLDMS
EPC00020,CUXXICD2
EPC00020,CDCUICP1
EPC00020,CUXXCVDX
EPC00020,CUXXAADZ
EPC00020,CUXXFXD2
EPC00132,TCO2CBD5
EPC00132,TCO2CBTX
EPC00132,TCO2CBD2
EPC00132,TCO2CAD2
EPC00132,NZTW0009
EPC00132,TCO2MATX
EPC00132,TCO2MSXX
EPC00132,TCO2POTX
EPC00132,TCO2CPD5
EPC00132,TCO2KG01
EPC00132,TCO2ZZXX
EPC00198,DINXZZZZ
EPC00198,ODSDM017
EPC00021,FEXXFXD2
EPC00021,DFEFICHL
EPC00021,MTWD0021
EPC00021,RWS00151
EPC00021,FEFICLDA
EPC00021,FEXXICD2
EPC00021,FETOTAAD
EPC00021,CDFEICP1
EPC00022,PBAFWC01
EPC00022,ODSDM011
EPC00022,CDPBICP1
EPC00022,PBVOLDMS
EPC00022,PBXXICD2
EPC00022,PBXXFXD2
EPC00022,PBXXAADZ
EPC00022,MTWD0046
EPC00023,RWS00149
EPC00024,MNXXICD2
EPC00024,MNXXFXD2
EPC00024,MNFICD01
EPC00024,MNVOLDMS
EPC00024,MNXXAAD2
EPC00024,RWS00150
EPC00024,MNXXAADZ
EPC00025,MTWD0008
EPC00025,HGAFWC01
EPC00025,HGRXAAD1
EPC00025,WTCTM017
EPC00025,HGTXAAD1
EPC00025,HGXXCFD2
EPC00026,MTWD00MO
EPC00026,RWS00157
EPC00026,MBICPMS1
EPC00027,MTWD0051
EPC00027,NIXXICD2
EPC00027,ODSDM012
EPC00027,CDNIICP5
EPC00027,NIXXFXD2
EPC00027,CDNIICP1
EPC00027,NIXXZZZZ
EPC00160,NTOTWCDZ
EPC00160,NTOTZZD2
EPC00160,NTOTWCD1
EPC00190,CORGZZTL
EPC00190,CORGWCDZ
EPC00190,CORGZZZX
EPC00002,DOXYCZ01
EPC00002,DOXYOP01
EPC00002,DOXYPE01
EPC00002,DOXYPR02
EPC00002,DOXYSC01
EPC00002,DOXYSU01
EPC00002,DOXYSU02
EPC00002,DOXYUZ01
EPC00002,DOXYWITX
EPC00002,DOXYZZ01
EPC00002,DOXYZZXX
EPC00002,DOXMZZXX
EPC00002,DOKGWITX
EPC00002,DOXYSE01
EPC00002,DOXYAAOP
EPC00002,DOXYPR01
EPC00002,DOXYSE02
EPC00002,DOXYUZ02
EPC00003,OXYSBB02
EPC00003,OXYSBE01
EPC00003,OXYSOP01
EPC00003,OXYSSC01
EPC00003,OXYSSE01
EPC00003,OXYSWB01
EPC00003,OXYSWW01
EPC00003,OXYSZZ01
EPC00003,OXYSZZ02
EPC00003,OXYSZW01
EPC00003,OXYSWE01
EPC00003,OXYSBB01
EPC00003,OXYSBW01
EPC00003,OXYSSU01
EPC00186,TPHSWCD1
EPC00186,TPHSDSZZ
EPC00186,TPHSWCDZ
EPC00028,RWS00152
EPC00029,RWS00142
EPC00030,AGVOLDMS
EPC00030,RWS00154
EPC00030,MTWD00AG
EPC00031,RWS00161
EPC00032,RWS00145
EPC00033,RWS00160
EPC00034,RWS00158
EPC00035,RWS00155
EPC00036,RWS00153
EPC00036,URICPMS1
EPC00037,RWS00159
EPC00037,MTWD0001
EPC00038,MTWD0057
EPC00038,ZNXXFXD2
EPC00038,ZNVGFAAS
EPC00038,ZNCOICP5
EPC00038,ZN04ICP6
EPC00038,ZN02FIF1
EPC00038,RWS00146
EPC00038,ODSDM010
EPC00038,CDZNICP1
EPC00038,ZNXXAADZ
EPC00038,ZNXXCVDX
EPC00039,ALVOLLGF
EPC00039,DGTLALXX
EPC00039,ALXXLGTX
EPC00040,RWS00031
EPC00041,RWS00025
EPC00042,RWS00029
EPC00042,BAXXXXMS
EPC00042,BAXXICP3
EPC00043,RWS00030
EPC00044,RWS00034
EPC00045,DGTLCDXX
EPC00045,CDUFICXX
EPC00045,CDUFWC02
EPC00046,CRUFWC02
EPC00046,CRXXCVDX
EPC00047,COXXCVDX
EPC00047,RWS00039
EPC00047,DGTLCOXX
EPC00048,CUTDICP5
EPC00048,DGTLCUXX
EPC00048,CUXXZZZZ
EPC00049,DGTLFEXX
EPC00049,FEXXCLDX
EPC00049,RWS00033
EPC00049,FEXXCVDX
EPC00050,PBUFICXX
EPC00050,PBUFWC02
EPC00050,DGTLPBXX
EPC00051,RWS00045
EPC00052,DGTLMNXX
EPC00052,RWS00032
EPC00053,HGTXAATX
EPC00053,HGUFCFXX
EPC00053,HGUFWC02
EPC00054,RWS00040
EPC00055,DGTLNIXX
EPC00055,NIXXCVDX
EPC00055,RWS00027
EPC00056,RWS00046
EPC00057,RWS00026
EPC00058,RWS00037
EPC00059,RWS00044
EPC00060,RWS00036
EPC00061,RWS00043
EPC00062,RWS00041
EPC00063,RWS00038
EPC00064,RWS00035
EPC00065,RWS00042
EPC00066,RWS00028
EPC00066,ZNINCVDX
EPC00213,FLUFWC02
EPC00213,WTCTM015
EPC00213,AFLAGCD1
EPC00213,FLAFWC01
EPC00213,CPAHWC01
EPC00183,RWS00110
EPC00183,CPAHWC15
EPC00004,ODSDM2UM
EPC00004,ODSDM1UM
EPC00004,NTRTFSG1
EPC00004,ODSDM014
EPC00004,NO3FLTIC
EPC00004,NTRAYYDZ
EPC00004,CHEMM012
EPC00004,NTRAZZXX
EPC00004,NTRAAAD4
EPC00004,NTRAAAD1
EPC00004,NTRZMS01
EPC00004,NTRA04LW
EPC00004,MDMAP005
EPC00004,NO3UFLIC
EPC00004,NTRAAA04
EPC00004,NTRAXXDZ
EPC00004,NTRAMADZ
EPC00004,NTRZMC01
EPC00005,NTRZAAD5
EPC00005,NTRZAAD2
EPC00005,NTRZAAD3
EPC00005,NTRZMAD3
EPC00005,NTRZAAD1
EPC00005,NTRAFSG1
EPC00005,NTRZXXDZ
EPC00005,NTRZAADZ
EPC00005,NTRZMADZ
EPC00005,NTRZYYDZ
EPC00005,NTRZAATX
EPC00005,NTRZNS01
EPC00005,NTRZMATX
EPC00005,NTRZZZXX
EPC00005,NTRZAAZX
EPC00005,NTRZMAZX
EPC00005,MDMAP006
EPC00005,NTRAMS01
EPC00005,NTRZLWTX
EPC00005,NTRZAA01
EPC00005,NTRZNNTX
EPC00006,NTRIAAD5
EPC00006,NTRIAAD2
EPC00006,NTRIMA12
EPC00006,NTRIAAD1
EPC00006,NTRFSG01
EPC00006,NTRIAADZ
EPC00006,NTRIMADZ
EPC00006,NTRIYYDZ
EPC00006,NTRIAATX
EPC00006,NTRIMATX
EPC00006,NTRIZZXX
EPC00006,NTRI04LW
EPC00006,MDMAP007
EPC00006,NTRIKGD1
EPC00006,NTRILWTX
EPC00006,NTRIAAD4
EPC00006,NTRIAAD3
EPC00006,NTRIXXDZ
EPC00006,NO2FLTIC
EPC00006,NO2UFLIC
EPC00006,NTRIAAZX
EPC00159,MDMAP009
EPC00159,MDMAP008
EPC00153,OPHSVLPT
EPC00153,ORGPDSZZ
EPC00226,RWS00049
EPC00226,TDEPPAF1
EPC00227,DDEPPAF1
EPC00227,RWS00050
EPC00225,DDTDISUF
EPC00225,PDDTUF02
EPC00225,WTCTM014
EPC00185,SCES0056
EPC00168,ACIDZZXX
EPC00168,PHXXPR01
EPC00168,PHXXZZYY
EPC00168,PHMASSXX
EPC00168,PHXXZZXX
EPC00067,ALPICP01
EPC00067,ALPSIN01
EPC00067,ALPSUS01
EPC00067,ALPTLMS1
EPC00067,ALXXAAP2
EPC00067,ALXXXFP2
EPC00067,ALXXICP2
EPC00068,BAXXXFP2
EPC00068,BAXXICP2
EPC00068,BAXXAAP2
EPC00068,BAXSPTMS
EPC00068,BAPSUS01
EPC00068,BAPICP01
EPC00068,BAPSIN01
EPC00069,CDXXAAP2
EPC00069,CDPSUS01
EPC00069,CDPSIN01
EPC00069,CDPICP01
EPC00069,CDXXICP2
EPC00070,CRXXAAP2
EPC00071,COXXAAP2
EPC00071,COPSIN01
EPC00071,COPICP01
EPC00071,COXXICP2
EPC00071,COPSUS01
EPC00072,CUPICP01
EPC00072,CUXXICP2
EPC00072,CUPSIN01
EPC00072,CUXXAAP2
EPC00072,CUPSUS01
EPC00073,FEXXICP2
EPC00073,FEPSIN01
EPC00073,FEXXAAP2
EPC00073,FEXXXFP2
EPC00073,FEPTLMS1
EPC00073,FEPSUS01
EPC00073,FEPICP01
EPC00074,PBPSIN01
EPC00074,PBPICP01
EPC00074,PBXXICP2
EPC00074,PBPSUS01
EPC00074,PBXXAAP2
EPC00075,MNPICP01
EPC00075,MNXXAAP2
EPC00075,MNXXICP2
EPC00075,MNPSIN01
EPC00075,MNXXXFP2
EPC00075,MNPSUS01
EPC00076,MOXXXXP2
EPC00076,MOPICP01
EPC00077,NIPSIN01
EPC00077,NIXXAAP2
EPC00077,NIXXICP2
EPC00077,NIPSUS01
EPC00077,NIPICP01
EPC00212,NTOTCAP1
EPC00212,NTOTZZZZ
EPC00212,ODSDM018
EPC00212,NTOTCN10
EPC00212,TNCNCNP1
EPC00212,MDMAP013
EPC00157,OCCNGCPZ
EPC00157,OCCNCAP1
EPC00157,CORGCA53
EPC00157,CHEMM017
EPC00157,MDMAP010
EPC00157,CORGCAP1
EPC00201,TPHSVLPT
EPC00201,TPHSWCPZ
EPC00078,AGXXICP2
EPC00078,AGXXAAP2
EPC00078,AGPSIN01
EPC00078,AGPICP01
EPC00078,AGPSUS01
EPC00079,SRXXAAP2
EPC00079,SRXXICP2
EPC00080,TIXXXFP2
EPC00080,TIPSUS01
EPC00080,TIPSIN01
EPC00080,TIPICP01
EPC00081,URPICP01
EPC00082,VAPICP01
EPC00082,VAPSIN01
EPC00082,VAPSUS01
EPC00083,ZNXXAAP2
EPC00083,ZNPSUS01
EPC00083,ZNPICP01
EPC00083,ZNPSIN01
EPC00083,ZNXXICP2
EPC00108,PHAEFLP3
EPC00108,PHAEFLP1
EPC00108,PHAEFLP4
EPC00108,PHAEZZXX
EPC00108,PHAESPPZ
EPC00108,PHAESPP3
EPC00108,PHAEFLP5
EPC00108,PHAEFLPZ
EPC00108,PHAEFMP1
EPC00108,PHAESPP1
EPC00172,CPAHWC16
EPC00007,PHOSMATX
EPC00007,PHOSYYDZ
EPC00007,PHOSAAD2
EPC00007,PHOSMAZX
EPC00007,PHOSMA12
EPC00007,PHOSAAZX
EPC00007,PHKGAATX
EPC00007,PHOSMS01
EPC00007,MDMAP906
EPC00007,PHOS04LW
EPC00007,PHOSAAD1
EPC00007,PHOSAATX
EPC00007,PHOSZZXX
EPC00007,PHOSAAD5
EPC00007,PHOSMAD2
EPC00007,PHOSAA01
EPC00007,PHOSAAD3
EPC00007,PHOSMAD3
EPC00007,PHOSMAD1
EPC00007,PHOSXXDZ
EPC00007,PHOSMADZ
EPC00007,PHOSAADZ
EPC00007,PHOSKGD5
EPC00001,PSALST02
EPC00001,PSALCU02
EPC00001,PSALCC02
EPC00001,PSALPR02
EPC00001,PSALTC02
EPC00001,PSALSG02
EPC00001,PSALTC06
EPC00001,PSALTC03
EPC00001,PSALST01
EPC00001,PSALCU01
EPC00001,PSALCC01
EPC00001,PSALBRBR
EPC00001,PSALBSTX
EPC00001,PSALZZXX
EPC00001,PSALPR01
EPC00001,PSALTC01
EPC00001,PSCLCCI1
EPC00001,PSALMV01
EPC00001,PSALMC01
EPC00001,PSALSZ01
EPC00001,PSALSU01
EPC00001,PSALSG01
EPC00001,PSSDCU02
EPC00001,PSSDCU01
EPC00001,PSALSD01
EPC00001,PSSDBSTX
EPC00001,SSALSL01
EPC00001,SSALBSTX
EPC00001,SSALSG01
EPC00001,SSALAGT1
EPC00001,ASLTZZ01
EPC00001,PSALTC05
EPC00001,PSALTC04
EPC00001,PSLTZZ01
EPC00001,PSCLCCL1
EPC00001,ODSDM021
EPC00001,SSALST01
EPC00001,SSALPR01
EPC00008,SLCAMAZX
EPC00008,SLCAAAD1
EPC00008,SLCAMATX
EPC00008,SLCAAADZ
EPC00008,SLCAAAD3
EPC00008,SLCAAAD2
EPC00008,SLCAMS01
EPC00008,SLCAKGD1
EPC00008,MDMAP012
EPC00008,SLCAAAZX
EPC00008,SLCAZZXX
EPC00008,SLCANS01
EPC00008,SLCAAATX
EPC00008,SLCAMAD3
EPC00008,SLCAAA01
EPC00008,SLCAMA12
EPC00008,SLCAAAD5
EPC00131,ALKYSPTX
EPC00131,ALKYPOTX
EPC00131,MDMAP014
EPC00131,ALKYZZYY
EPC00131,ALKYZZXX
EPC00134,NTOTZZXX
EPC00134,NTOTWCTX
EPC00135,TPHSZZXX
EPC00135,TPHSPP01
EPC00179,POLLM010
EPC00179,ADISSTBT
EPC00138,ADISSTPT
EPC00010,UREAZZZZ
EPC00010,UREAAATX
EPC00010,UREAAAD3
EPC00010,UREAAADZ
EPC00010,UREAAAD2
EPC00010,UREAAAZX
EPC00010,UREAAAD1
EPC00215,ZNWW6569
EPC00215,MYTGAL02
EPC00215,ZNDWCF14
EPC00145,MZNSP012
EPC00145,ZNSEDBD1
EPC00145,RWSSED32
EPC00145,MTSDM008
EPC00145,ZNCNAAWF
EPC00145,ZNCNPEXT
EPC00145,ZNCNXTXT
EPC00145,ZNCNICXT
EPC00119,MZNSP012
EPC00119,ZNCNICXT
EPC00119,ZNCNPEXT
EPC00119,ZNCNXTXT
EPC00119,ZNSEDBD1
EPC00130,ZNCNAAWF
EPC00130,RWSSED32
EPC00130,MTSDM008
EPC00229,PDDW6569
EPC00229,PDADCF14
EPC00229,IFRPST04
EPC00223,PDDDDTSD
EPC00230,PDDDCF14
EPC00230,PDDWCF14
EPC00230,PDEW6569
EPC00230,MUM13134
EPC00230,IFRPST07
EPC00224,PDDEDTSD
EPC00228,PDTW6569
EPC00228,MUM13142
EPC00228,PDTDCF14
EPC00228,MMUSDDTP
EPC00228,PDTWCF14
EPC00222,PDDTDTSD
EPC00150,SED00009
EPC00136,PHNBSSPW
EPC00136,NEWCXX07
EXTRA001,PPSBPR01
EXTRA002,RXXXPARK
EXTRA003,SECCSDNX
EXTRA004,SPM02WE1
EXTRA005,NTOTKJM1
EXTRA006,FCO2XXXX
EXTRA007,INPPPIC1
